ID,类别,置信度,X1,Y1,X2,Y2,宽度,高度,面积,中心X,中心Y,时间戳
392,person,0.900,76.6,399.6,545.9,1280.0,469.3,880.4,413151,311.2,839.8,00:30:05.709
393,person,0.895,63.1,403.3,550.3,1278.9,487.2,875.6,426572,306.7,841.1,00:30:05.774
394,person,0.897,63.1,403.4,547.3,1278.9,484.2,875.4,423894,305.2,841.1,00:30:05.847
395,person,0.898,57.4,405.2,554.0,1279.6,496.5,874.3,434129,305.7,842.4,00:30:05.909
396,person,0.898,57.2,405.2,554.5,1279.6,497.3,874.3,434813,305.9,842.4,00:30:05.982
397,person,0.899,53.6,404.7,544.2,1277.7,490.6,873.0,428319,298.9,841.2,00:30:06.053
398,person,0.899,53.8,405.0,544.1,1277.7,490.3,872.7,427871,299.0,841.4,00:30:06.117
399,person,0.905,53.4,398.8,547.4,1279.2,494.0,880.4,434931,300.4,839.0,00:30:06.182
400,person,0.905,53.3,399.1,546.7,1279.3,493.4,880.2,434316,300.0,839.2,00:30:06.257
401,person,0.905,57.5,398.8,546.8,1279.3,489.3,880.4,430807,302.1,839.1,00:30:06.334
402,person,0.905,57.5,398.7,546.4,1279.2,488.9,880.5,430512,302.0,839.0,00:30:06.401
403,person,0.910,62.1,395.5,543.4,1279.5,481.3,884.0,425465,302.7,837.5,00:30:06.472
404,person,0.911,62.1,395.3,544.1,1279.6,482.0,884.3,426278,303.1,837.5,00:30:06.548
405,person,0.911,67.3,393.5,540.1,1279.3,472.8,885.8,418756,303.7,836.4,00:30:06.614
406,person,0.910,67.3,393.4,539.2,1279.2,471.9,885.8,418000,303.3,836.3,00:30:06.682
407,person,0.900,78.7,393.3,532.9,1279.2,454.2,885.8,402338,305.8,836.3,00:30:06.761
408,person,0.901,78.5,393.0,532.7,1279.2,454.2,886.2,402483,305.6,836.1,00:30:06.832
409,person,0.885,92.3,391.8,531.8,1279.3,439.5,887.5,390105,312.0,835.6,00:30:06.897
410,person,0.884,92.2,392.1,531.5,1279.3,439.3,887.2,389764,311.9,835.7,00:30:06.974
411,person,0.878,115.3,392.0,521.4,1279.8,406.1,887.8,360581,318.4,835.9,00:30:07.040
412,person,0.877,116.6,392.3,523.1,1279.2,406.6,886.9,360579,319.8,835.7,00:30:07.115
413,person,0.879,110.1,392.5,516.9,1280.0,406.8,887.5,361059,313.5,836.2,00:30:07.185
414,person,0.879,110.0,392.7,516.8,1280.0,406.8,887.3,360929,313.4,836.4,00:30:07.265
415,person,0.887,99.7,392.4,515.3,1280.0,415.6,887.6,368871,307.5,836.2,00:30:07.359
416,person,0.885,99.7,393.1,516.4,1279.0,416.7,885.8,369133,308.0,836.0,00:30:07.440
417,person,0.887,91.4,396.0,509.4,1279.7,418.0,883.7,369399,300.4,837.9,00:30:07.510
418,person,0.886,91.5,396.4,509.6,1279.9,418.2,883.5,369463,300.6,838.2,00:30:07.574
419,person,0.884,81.1,397.7,503.4,1279.9,422.3,882.3,372618,292.2,838.8,00:30:07.642
420,person,0.885,81.0,397.4,503.3,1279.9,422.4,882.4,372703,292.1,838.7,00:30:07.717
421,person,0.902,71.2,398.8,500.5,1280.0,429.3,881.2,378289,285.9,839.4,00:30:07.778
422,person,0.902,71.2,399.4,500.5,1280.0,429.4,880.6,378110,285.9,839.7,00:30:07.857
423,person,0.913,64.9,401.0,508.5,1279.8,443.6,878.9,389884,286.7,840.4,00:30:07.920
424,person,0.914,64.9,401.0,508.5,1279.8,443.5,878.8,389787,286.7,840.4,00:30:07.985
425,person,0.918,51.3,399.1,516.6,1279.3,465.3,880.2,409554,283.9,839.2,00:30:08.059
426,person,0.917,52.5,400.4,517.3,1279.3,464.8,878.8,408497,284.9,839.8,00:30:08.121
427,person,0.923,44.0,400.1,527.9,1278.3,483.8,878.2,424903,286.0,839.2,00:30:08.185
428,person,0.924,44.0,400.0,527.8,1278.2,483.8,878.2,424894,285.9,839.1,00:30:08.254
429,person,0.919,43.0,402.0,548.2,1276.8,505.1,874.8,441901,295.6,839.4,00:30:08.325
430,person,0.919,43.1,401.9,548.1,1276.9,505.0,875.0,441890,295.6,839.4,00:30:08.387
431,person,0.928,46.3,402.3,569.5,1277.0,523.2,874.7,457641,307.9,839.7,00:30:08.475
432,person,0.928,46.4,402.6,569.5,1277.1,523.2,874.5,457497,308.0,839.9,00:30:08.549
433,person,0.938,54.0,402.9,584.4,1278.3,530.5,875.4,464394,319.2,840.6,00:30:08.625
434,person,0.938,53.9,402.7,584.6,1278.1,530.7,875.4,464618,319.2,840.4,00:30:08.704
435,person,0.937,65.6,402.8,593.1,1278.8,527.5,876.0,462052,329.3,840.8,00:30:08.786
436,person,0.937,65.6,403.3,593.0,1278.8,527.4,875.4,461724,329.3,841.1,00:30:08.857
437,person,0.933,79.9,402.5,604.1,1280.0,524.2,877.5,459954,342.0,841.3,00:30:08.932
438,person,0.933,79.9,402.5,604.2,1280.0,524.3,877.5,460073,342.1,841.3,00:30:09.039
439,person,0.926,101.6,404.2,607.1,1280.0,505.5,875.8,442715,354.4,842.1,00:30:09.106
440,person,0.926,101.6,404.3,607.0,1280.0,505.3,875.7,442511,354.3,842.1,00:30:09.166
441,person,0.920,118.2,407.6,604.7,1280.0,486.5,872.4,424430,361.5,843.8,00:30:09.229
442,person,0.920,118.2,407.6,604.7,1280.0,486.5,872.4,424435,361.5,843.8,00:30:09.300
443,person,0.937,138.0,409.5,597.9,1279.5,460.0,869.9,400133,368.0,844.5,00:30:09.374
444,person,0.937,137.9,409.7,597.9,1279.4,459.9,869.7,400002,367.9,844.5,00:30:09.448
445,person,0.938,157.1,413.4,589.7,1280.0,432.6,866.6,374872,373.4,846.7,00:30:09.514
446,person,0.937,157.0,413.2,589.6,1280.0,432.6,866.8,375007,373.3,846.6,00:30:09.586
447,person,0.942,169.8,414.2,575.0,1280.0,405.1,865.8,350767,372.4,847.1,00:30:09.649
448,person,0.942,169.8,414.1,575.0,1280.0,405.2,865.9,350832,372.4,847.1,00:30:09.710
449,person,0.933,183.2,414.1,556.8,1279.1,373.6,864.9,323181,370.0,846.6,00:30:09.772
450,person,0.934,183.2,414.2,556.8,1279.2,373.6,865.0,323152,370.0,846.7,00:30:09.843
451,person,0.926,189.0,415.8,543.4,1279.9,354.4,864.1,306224,366.2,847.9,00:30:09.913
452,person,0.926,188.9,416.1,543.3,1280.0,354.4,863.9,306193,366.1,848.0,00:30:09.977
453,person,0.914,193.2,415.4,533.3,1279.7,340.1,864.3,293947,363.2,847.5,00:30:10.040
454,person,0.914,193.2,415.3,532.8,1279.6,339.6,864.3,293473,363.0,847.5,00:30:10.104
455,person,0.896,196.5,413.5,538.2,1279.5,341.7,866.1,295920,367.4,846.5,00:30:10.162
456,person,0.895,196.4,413.6,538.4,1279.6,342.0,865.9,296160,367.4,846.6,00:30:10.234
457,person,0.895,197.4,411.8,541.5,1278.8,344.1,867.0,298347,369.4,845.3,00:30:10.319
458,person,0.895,197.4,412.0,541.4,1278.8,344.0,866.9,298176,369.4,845.4,00:30:10.381
459,person,0.894,197.7,409.5,541.4,1278.8,343.7,869.3,298784,369.6,844.1,00:30:10.444
460,person,0.894,197.7,409.6,540.7,1278.8,343.0,869.2,298148,369.2,844.2,00:30:10.523
461,person,0.886,200.3,411.2,539.5,1278.9,339.2,867.7,294281,369.9,845.1,00:30:10.586
462,person,0.887,200.3,411.1,539.3,1278.9,339.0,867.8,294187,369.8,845.0,00:30:10.651
463,person,0.878,201.6,411.0,536.7,1278.9,335.0,868.0,290784,369.2,845.0,00:30:10.719
464,person,0.881,201.6,411.1,534.2,1278.8,332.7,867.7,288676,367.9,845.0,00:30:10.796
465,person,0.885,200.9,411.8,529.4,1279.5,328.5,867.6,285027,365.1,845.6,00:30:10.869
466,person,0.891,200.9,411.5,529.4,1279.6,328.6,868.1,285247,365.2,845.5,00:30:10.935
467,person,0.889,188.6,411.3,533.1,1279.8,344.5,868.5,299190,360.9,845.6,00:30:11.005
468,person,0.888,188.5,411.3,533.5,1279.9,344.9,868.5,299578,361.0,845.6,00:30:11.075
469,person,0.876,174.3,410.1,531.8,1280.0,357.6,869.9,311060,353.1,845.0,00:30:11.143
470,person,0.877,174.4,410.0,530.8,1280.0,356.4,870.0,310034,352.6,845.0,00:30:11.219
471,person,0.876,168.1,413.1,531.5,1280.0,363.4,866.9,314994,349.8,846.6,00:30:11.298
472,person,0.876,168.1,413.3,530.9,1280.0,362.9,866.7,314506,349.5,846.6,00:30:11.378
473,person,0.877,166.9,410.3,530.5,1279.0,363.6,868.7,315888,348.7,844.7,00:30:11.454
474,person,0.878,166.9,410.3,529.6,1279.0,362.7,868.7,315077,348.3,844.6,00:30:11.523
475,person,0.881,180.3,414.2,522.8,1280.0,342.5,865.8,296494,351.5,847.1,00:30:11.600
476,person,0.879,180.3,414.2,522.1,1280.0,341.8,865.8,295935,351.2,847.1,00:30:11.671
477,person,0.878,193.7,413.3,516.6,1280.0,322.9,866.7,279878,355.1,846.7,00:30:11.741
478,person,0.880,193.8,413.7,515.9,1280.0,322.1,866.3,279040,354.8,846.8,00:30:11.807
479,person,0.884,191.5,414.4,510.7,1279.8,319.2,865.4,276234,351.1,847.1,00:30:11.869
480,person,0.884,191.6,414.3,510.5,1279.9,319.0,865.6,276109,351.0,847.1,00:30:11.935
481,person,0.889,182.1,415.7,504.9,1280.0,322.8,864.3,278997,343.5,847.8,00:30:11.996
482,person,0.889,182.4,415.4,504.9,1280.0,322.4,864.6,278778,343.7,847.7,00:30:12.065
483,person,0.884,180.8,413.5,495.4,1280.0,314.6,866.5,272566,338.1,846.8,00:30:12.136
484,person,0.883,180.7,413.6,495.7,1280.0,315.0,866.4,272879,338.2,846.8,00:30:12.202
485,person,0.884,169.8,416.5,499.6,1279.9,329.8,863.4,284732,334.7,848.2,00:30:12.274
486,person,0.884,169.9,416.5,499.0,1279.9,329.1,863.4,284105,334.5,848.2,00:30:12.337
487,person,0.880,152.4,417.7,502.6,1279.9,350.2,862.3,301971,327.5,848.8,00:30:12.403
488,person,0.879,152.2,417.5,502.2,1279.9,349.9,862.4,301765,327.2,848.7,00:30:12.469
489,person,0.889,141.1,417.6,502.7,1279.3,361.5,861.7,311521,321.9,848.4,00:30:12.542
490,person,0.887,140.9,417.4,502.4,1279.3,361.5,861.9,311578,321.6,848.4,00:30:12.606
491,person,0.894,142.3,418.9,506.1,1279.2,363.8,860.4,313004,324.2,849.1,00:30:12.683
492,person,0.893,142.2,418.9,506.2,1279.2,364.0,860.3,313195,324.2,849.0,00:30:12.750
493,person,0.864,100.7,416.5,506.4,1279.5,405.7,863.0,350127,303.5,848.0,00:30:12.816
494,person,0.864,100.4,416.5,506.5,1279.5,406.1,863.0,350474,303.5,848.0,00:30:12.884
495,person,0.857,65.4,415.6,505.4,1279.1,440.0,863.5,379911,285.4,847.3,00:30:12.952
496,person,0.856,65.8,415.6,505.6,1279.1,439.9,863.5,379850,285.7,847.3,00:30:13.027
497,person,0.857,77.2,414.9,507.2,1279.0,430.0,864.1,371564,292.2,847.0,00:30:13.094
498,person,0.857,78.5,414.9,507.2,1279.0,428.7,864.1,370438,292.8,847.0,00:30:13.150
499,person,0.859,158.6,426.6,509.4,1277.9,350.8,851.3,298620,334.0,852.2,00:30:13.216
500,person,0.862,159.3,425.6,509.6,1278.0,350.2,852.4,298529,334.4,851.8,00:30:13.289
501,person,0.828,131.6,415.5,513.4,1279.3,381.8,863.8,329770,322.5,847.4,00:30:13.363
502,person,0.831,139.6,415.4,513.3,1279.3,373.7,863.9,322856,326.4,847.3,00:30:13.438
503,person,0.900,155.9,430.5,510.3,1278.6,354.4,848.1,300530,333.1,854.6,00:30:13.505
504,person,0.900,155.9,430.4,510.3,1278.6,354.4,848.2,300551,333.1,854.5,00:30:13.577
505,person,0.903,157.1,412.0,503.8,1280.0,346.7,868.0,300912,330.5,846.0,00:30:13.637
506,person,0.904,157.1,412.1,503.9,1280.0,346.8,867.9,301004,330.5,846.0,00:30:13.703
507,person,0.890,160.6,411.6,513.6,1280.0,353.1,868.4,306585,337.1,845.8,00:30:13.776
508,person,0.888,160.4,411.4,514.2,1280.0,353.8,868.6,307313,337.3,845.7,00:30:13.849
509,person,0.891,170.5,409.5,506.7,1280.0,336.1,870.5,292618,338.6,844.7,00:30:13.917
510,person,0.892,170.3,409.5,506.8,1280.0,336.5,870.5,292940,338.6,844.8,00:30:13.981
511,person,0.879,181.8,409.8,515.7,1280.0,333.9,870.2,290576,348.7,844.9,00:30:14.048
512,person,0.879,181.8,409.7,516.2,1280.0,334.4,870.3,290984,349.0,844.9,00:30:14.121
513,person,0.883,191.6,410.0,522.4,1280.0,330.8,870.0,287825,357.0,845.0,00:30:14.181
514,person,0.882,191.5,410.2,523.4,1280.0,331.9,869.8,288697,357.4,845.1,00:30:14.244
515,person,0.888,197.5,412.7,529.8,1280.0,332.3,867.3,288214,363.6,846.3,00:30:14.307
516,person,0.888,197.7,412.7,529.5,1280.0,331.8,867.3,287793,363.6,846.3,00:30:14.372
517,person,0.895,199.6,417.9,530.1,1279.6,330.6,861.6,284823,364.9,848.7,00:30:14.433
518,person,0.895,199.6,418.1,530.4,1279.6,330.8,861.5,284977,365.0,848.8,00:30:14.511
519,person,0.893,199.3,420.7,531.7,1279.6,332.4,858.9,285495,365.5,850.2,00:30:14.578
520,person,0.893,199.4,420.7,531.7,1279.6,332.3,858.9,285397,365.5,850.1,00:30:14.656
521,person,0.901,198.8,422.1,531.4,1278.6,332.7,856.5,284949,365.1,850.4,00:30:14.725
522,person,0.901,198.8,422.0,531.3,1278.6,332.6,856.6,284876,365.0,850.3,00:30:14.793
523,person,0.900,196.9,421.5,533.4,1278.9,336.5,857.4,288524,365.1,850.2,00:30:14.860
524,person,0.899,196.8,421.4,533.7,1278.9,336.9,857.5,288905,365.3,850.2,00:30:14.934
525,person,0.893,194.2,420.5,536.2,1279.1,342.1,858.6,293703,365.2,849.8,00:30:15.010
526,person,0.893,194.2,420.4,536.3,1279.1,342.2,858.7,293819,365.3,849.8,00:30:15.072
527,person,0.889,192.6,419.0,542.7,1279.3,350.0,860.3,301112,367.6,849.1,00:30:15.138
528,person,0.889,192.6,419.1,542.9,1279.3,350.3,860.1,301274,367.7,849.2,00:30:15.219
529,person,0.887,192.2,418.7,548.8,1279.5,356.5,860.8,306922,370.5,849.1,00:30:15.292
530,person,0.887,192.2,418.6,548.1,1279.5,355.8,860.9,306350,370.2,849.1,00:30:15.354
531,person,0.898,192.8,418.0,535.6,1279.7,342.8,861.7,295432,364.2,848.9,00:30:15.418
532,person,0.901,192.7,418.1,535.2,1279.7,342.4,861.5,295032,363.9,848.9,00:30:15.499
533,person,0.887,192.2,417.6,534.2,1279.3,341.9,861.7,294626,363.2,848.4,00:30:15.572
534,person,0.887,192.2,417.7,534.1,1279.3,341.9,861.6,294602,363.1,848.5,00:30:15.641
535,person,0.891,191.6,417.0,534.2,1279.8,342.6,862.8,295616,362.9,848.4,00:30:15.710
536,person,0.891,191.6,416.9,534.7,1279.7,343.1,862.8,295990,363.1,848.3,00:30:15.772
537,person,0.881,190.2,416.8,535.6,1280.0,345.4,863.2,298176,362.9,848.4,00:30:15.842
538,person,0.882,189.8,416.6,536.0,1280.0,346.3,863.4,298945,362.9,848.3,00:30:15.915
539,person,0.878,189.2,416.5,534.2,1279.7,345.0,863.2,297827,361.7,848.1,00:30:15.991
540,person,0.877,189.2,416.5,534.4,1279.7,345.3,863.3,298057,361.8,848.1,00:30:16.070
541,person,0.880,188.6,416.5,525.8,1279.7,337.2,863.2,291100,357.2,848.1,00:30:16.140
542,person,0.881,188.6,416.6,525.2,1279.7,336.6,863.1,290518,356.9,848.2,00:30:16.203
543,person,0.878,188.5,417.8,520.6,1280.0,332.1,862.2,286370,354.6,848.9,00:30:16.268
544,person,0.877,188.5,417.8,520.8,1280.0,332.3,862.1,286453,354.7,848.9,00:30:16.329
545,person,0.865,187.9,419.4,516.3,1279.8,328.5,860.4,282598,352.1,849.6,00:30:16.387
546,person,0.865,187.9,419.5,516.5,1279.8,328.6,860.3,282677,352.2,849.7,00:30:16.450
547,person,0.875,185.7,421.4,506.9,1279.9,321.2,858.5,275757,346.3,850.6,00:30:16.512
548,person,0.873,185.9,421.4,507.7,1279.8,321.8,858.4,276241,346.8,850.6,00:30:16.578
549,person,0.883,174.3,421.6,497.3,1280.0,323.0,858.4,277240,335.8,850.8,00:30:16.639
550,person,0.885,174.5,421.5,497.4,1280.0,322.9,858.5,277165,335.9,850.8,00:30:16.701
551,person,0.879,169.1,421.6,491.4,1280.0,322.3,858.4,276611,330.2,850.8,00:30:16.775
552,person,0.879,169.0,421.6,491.3,1280.0,322.2,858.4,276608,330.1,850.8,00:30:16.845
553,person,0.877,170.9,421.0,492.0,1279.6,321.1,858.6,275739,331.5,850.3,00:30:16.919
554,person,0.878,170.8,420.9,491.8,1279.6,321.0,858.8,275634,331.3,850.2,00:30:17.021
555,person,0.857,144.1,420.1,500.5,1279.8,356.4,859.7,306435,322.3,849.9,00:30:17.091
556,person,0.856,143.8,419.9,500.8,1279.8,356.9,859.9,306916,322.3,849.9,00:30:17.152
557,person,0.858,125.0,419.9,499.7,1279.3,374.6,859.4,321942,312.4,849.6,00:30:17.216
558,person,0.858,124.8,419.9,499.4,1279.2,374.6,859.3,321875,312.1,849.6,00:30:17.282
559,person,0.852,94.8,418.0,503.5,1279.6,408.7,861.6,352162,299.2,848.8,00:30:17.351
560,person,0.854,94.3,417.9,503.4,1279.6,409.1,861.7,352531,298.9,848.8,00:30:17.414
561,person,0.856,92.2,416.8,501.9,1280.0,409.6,863.2,353605,297.0,848.4,00:30:17.477
562,person,0.857,94.2,416.4,501.6,1280.0,407.5,863.6,351906,297.9,848.2,00:30:17.541
563,person,0.852,82.7,414.6,499.8,1280.0,417.1,865.4,360964,291.3,847.3,00:30:17.602
564,person,0.852,79.7,414.1,500.2,1280.0,420.5,865.9,364122,290.0,847.0,00:30:17.667
565,person,0.814,81.1,411.3,498.6,1280.0,417.4,868.7,362614,289.8,845.7,00:30:17.730
566,person,0.811,72.5,411.7,498.8,1280.0,426.3,868.3,370177,285.6,845.9,00:30:17.800
567,person,0.819,148.9,411.4,499.1,1280.0,350.2,868.6,304134,324.0,845.7,00:30:17.870
568,person,0.818,151.7,411.5,498.7,1280.0,347.0,868.5,301403,325.2,845.7,00:30:17.933
569,person,0.824,132.2,412.6,491.5,1280.0,359.3,867.4,311683,311.9,846.3,00:30:17.994
570,person,0.823,132.1,412.5,491.9,1280.0,359.7,867.5,312063,312.0,846.3,00:30:18.057
571,person,0.826,159.2,413.1,495.2,1280.0,336.0,866.9,291292,327.2,846.6,00:30:18.121
572,person,0.822,168.6,417.3,497.2,1278.9,328.6,861.6,283094,332.9,848.1,00:30:18.180
573,person,0.841,169.1,416.7,503.3,1280.0,334.2,863.3,288530,336.2,848.3,00:30:18.241
574,person,0.843,169.0,416.7,502.9,1279.9,333.9,863.2,288266,335.9,848.3,00:30:18.302
575,person,0.853,192.0,421.4,508.5,1280.0,316.5,858.6,271740,350.3,850.7,00:30:18.365
576,person,0.853,192.2,421.3,508.9,1280.0,316.7,858.7,271914,350.5,850.7,00:30:18.426
577,person,0.861,197.0,424.2,512.6,1280.0,315.7,855.8,270130,354.8,852.1,00:30:18.488
578,person,0.861,197.0,424.1,512.5,1280.0,315.5,855.9,270047,354.7,852.1,00:30:18.551
579,person,0.851,203.2,423.6,515.7,1279.8,312.6,856.2,267612,359.5,851.7,00:30:18.616
580,person,0.852,203.6,423.6,515.7,1279.8,312.2,856.2,267256,359.7,851.7,00:30:18.677
581,person,0.866,210.5,425.7,523.4,1279.1,312.9,853.4,267018,366.9,852.4,00:30:18.748
582,person,0.867,210.4,425.7,523.4,1279.1,313.0,853.5,267143,366.9,852.4,00:30:18.812
583,person,0.870,211.3,427.6,531.7,1279.6,320.4,852.0,272982,371.5,853.6,00:30:18.882
584,person,0.870,211.3,427.6,531.4,1279.5,320.1,851.9,272724,371.3,853.5,00:30:18.951
585,person,0.867,212.3,429.1,532.4,1279.3,320.2,850.2,272198,372.4,854.2,00:30:19.021
586,person,0.868,212.4,429.0,533.4,1279.5,321.0,850.5,273027,372.9,854.2,00:30:19.083
587,person,0.868,212.8,430.7,535.6,1279.2,322.8,848.5,273844,374.2,855.0,00:30:19.145
588,person,0.867,213.0,430.7,535.5,1279.2,322.5,848.5,273639,374.3,854.9,00:30:19.209
589,person,0.878,213.1,432.6,532.7,1278.7,319.6,846.1,270397,372.9,855.7,00:30:19.275
590,person,0.880,213.1,432.5,532.7,1278.7,319.6,846.2,270407,372.9,855.6,00:30:19.347
591,person,0.882,211.7,433.8,532.5,1279.5,320.8,845.7,271300,372.1,856.7,00:30:19.407
592,person,0.882,211.8,433.9,532.0,1279.5,320.2,845.6,270774,371.9,856.7,00:30:19.470
593,person,0.887,211.3,435.5,529.7,1279.6,318.4,844.1,268725,370.5,857.6,00:30:19.532
594,person,0.886,211.4,435.7,530.6,1279.7,319.3,844.0,269475,371.0,857.7,00:30:19.595
595,person,0.879,212.3,435.8,528.8,1280.0,316.5,844.2,267210,370.6,857.9,00:30:19.667
596,person,0.878,212.3,435.9,529.3,1280.0,317.0,844.1,267537,370.8,858.0,00:30:19.737
597,person,0.884,210.8,436.3,531.9,1280.0,321.1,843.7,270909,371.3,858.1,00:30:19.806
598,remote,0.257,353.4,678.3,393.4,743.4,40.0,65.2,2606,373.4,710.9,00:30:19.806
599,person,0.884,210.8,436.1,532.0,1280.0,321.2,843.9,271090,371.4,858.1,00:30:19.865
600,person,0.884,213.6,436.0,535.2,1279.6,321.7,843.6,271343,374.4,857.8,00:30:19.926
601,person,0.884,213.6,436.2,535.1,1279.6,321.5,843.4,271134,374.4,857.9,00:30:19.991
602,person,0.876,211.8,435.3,536.5,1280.0,324.7,844.7,274263,374.1,857.6,00:30:20.051
603,person,0.877,211.6,435.3,536.5,1280.0,325.0,844.7,274509,374.0,857.6,00:30:20.112
604,person,0.886,208.9,436.5,526.7,1279.5,317.8,843.1,267939,367.8,858.0,00:30:20.178
605,person,0.885,209.0,436.6,526.9,1279.6,318.0,843.0,268043,367.9,858.1,00:30:20.238
606,person,0.885,203.8,436.5,525.6,1280.0,321.8,843.5,271397,364.7,858.3,00:30:20.304
607,person,0.885,203.8,436.6,525.2,1280.0,321.4,843.4,271104,364.5,858.3,00:30:20.364
608,person,0.881,200.2,438.3,518.4,1280.0,318.2,841.7,267803,359.3,859.1,00:30:20.423
609,person,0.882,200.0,438.4,517.4,1280.0,317.4,841.6,267091,358.7,859.2,00:30:20.487
610,person,0.884,198.4,439.3,518.7,1280.0,320.3,840.7,269253,358.6,859.6,00:30:20.551
611,person,0.884,198.8,439.3,518.3,1280.0,319.6,840.7,268673,358.5,859.6,00:30:20.609
612,person,0.885,196.8,436.2,518.6,1280.0,321.8,843.8,271533,357.7,858.1,00:30:20.673
613,person,0.884,196.7,436.2,517.6,1280.0,320.9,843.8,270809,357.2,858.1,00:30:20.736
614,person,0.881,190.2,439.4,514.1,1280.0,323.9,840.6,272298,352.2,859.7,00:30:20.802
615,person,0.881,190.2,439.4,513.6,1280.0,323.4,840.6,271855,351.9,859.7,00:30:20.860
616,person,0.869,174.2,439.5,511.9,1280.0,337.7,840.5,283859,343.0,859.8,00:30:20.923
617,person,0.869,174.9,439.5,511.9,1280.0,337.0,840.5,283225,343.4,859.8,00:30:20.989
618,person,0.850,161.2,436.5,506.4,1279.4,345.2,842.8,290933,333.8,857.9,00:30:21.047
619,person,0.849,161.1,436.5,506.3,1279.4,345.2,843.0,291021,333.7,857.9,00:30:21.110
620,person,0.837,147.9,418.4,512.4,1277.5,364.4,859.1,313090,330.1,848.0,00:30:21.171
621,person,0.837,148.1,418.4,512.6,1277.4,364.5,859.0,313109,330.4,847.9,00:30:21.232
622,person,0.827,146.6,410.3,503.8,1279.0,357.2,868.7,310259,325.2,844.6,00:30:21.294
623,person,0.830,146.3,410.6,503.7,1278.8,357.3,868.2,310227,325.0,844.7,00:30:21.356
624,person,0.821,132.4,391.1,499.3,1277.7,366.9,886.6,325309,315.8,834.4,00:30:21.419
625,person,0.820,131.3,391.0,498.9,1277.7,367.6,886.7,325960,315.1,834.3,00:30:21.497
626,person,0.820,92.0,397.9,501.6,1278.5,409.6,880.6,360707,296.8,838.2,00:30:21.566
627,person,0.818,92.0,398.4,502.0,1278.5,410.0,880.1,360786,297.0,838.5,00:30:21.638
628,person,0.817,72.0,364.6,505.1,1278.3,433.1,913.7,395705,288.5,821.5,00:30:21.711
629,person,0.816,71.5,365.2,503.8,1278.4,432.3,913.1,394745,287.6,821.8,00:30:21.790
630,person,0.793,48.1,335.9,490.2,1276.5,442.1,940.6,415850,269.2,806.2,00:30:21.862
631,person,0.794,47.1,337.3,490.5,1276.5,443.3,939.2,416380,268.8,806.9,00:30:21.927
632,person,0.827,54.5,337.0,498.3,1279.3,443.8,942.2,418201,276.4,808.2,00:30:21.992
633,person,0.821,54.6,336.2,497.7,1279.1,443.1,943.0,417865,276.1,807.7,00:30:22.064
634,person,0.798,81.7,331.2,497.9,1278.7,416.3,947.5,394389,289.8,804.9,00:30:22.130
635,person,0.795,81.7,331.1,497.2,1278.7,415.5,947.6,393756,289.4,804.9,00:30:22.195
636,person,0.811,116.0,325.2,498.3,1274.5,382.3,949.3,362933,307.2,799.8,00:30:22.268
637,person,0.813,116.0,325.2,498.4,1274.5,382.4,949.3,363039,307.2,799.9,00:30:22.328
638,person,0.833,126.4,326.3,503.7,1276.0,377.3,949.7,358371,315.0,801.2,00:30:22.392
639,person,0.834,127.0,326.3,503.9,1276.1,377.0,949.8,358031,315.5,801.2,00:30:22.470
640,person,0.842,172.9,349.6,511.3,1276.3,338.4,926.7,313582,342.1,813.0,00:30:22.527
641,person,0.841,172.6,349.4,511.3,1276.3,338.7,926.9,313892,342.0,812.9,00:30:22.594
642,person,0.840,185.8,371.7,517.7,1275.5,331.9,903.7,299930,351.8,823.6,00:30:22.655
643,person,0.839,185.4,375.7,517.6,1275.8,332.2,900.1,299026,351.5,825.8,00:30:22.726
644,person,0.869,187.5,420.4,528.2,1278.2,340.7,857.8,292253,357.9,849.3,00:30:22.798
645,person,0.869,187.5,420.5,528.3,1278.2,340.9,857.7,292363,357.9,849.3,00:30:22.863
646,person,0.894,186.1,439.9,541.4,1278.9,355.3,839.0,298109,363.8,859.4,00:30:22.939
647,person,0.894,186.1,440.1,541.2,1278.9,355.1,838.8,297827,363.7,859.5,00:30:23.017
648,person,0.908,184.2,444.2,549.1,1278.3,364.8,834.1,304290,366.6,861.2,00:30:23.085
649,person,0.908,184.1,444.1,549.1,1278.2,365.0,834.1,304403,366.6,861.2,00:30:23.164
650,person,0.917,179.9,443.4,552.1,1278.4,372.3,834.9,310823,366.0,860.9,00:30:23.235
651,person,0.917,179.8,443.5,552.1,1278.4,372.2,834.9,310749,366.0,860.9,00:30:23.301
652,person,0.911,174.3,442.7,556.7,1279.6,382.4,836.9,320031,365.5,861.2,00:30:23.390
653,person,0.911,174.3,442.6,556.6,1279.6,382.3,837.0,319990,365.4,861.1,00:30:23.457
654,person,0.915,174.0,441.5,560.7,1280.0,386.8,838.5,324276,367.4,860.8,00:30:23.541
655,person,0.915,174.0,441.7,561.0,1280.0,387.0,838.3,324455,367.5,860.8,00:30:23.621
656,person,0.924,172.5,442.0,564.6,1280.0,392.1,838.0,328622,368.6,861.0,00:30:23.692
657,person,0.924,172.2,441.8,564.7,1280.0,392.6,838.2,329036,368.5,860.9,00:30:23.769
658,person,0.929,166.0,441.6,572.8,1280.0,406.8,838.4,341070,369.4,860.8,00:30:23.845
659,person,0.929,165.8,441.6,572.8,1280.0,406.9,838.4,341169,369.3,860.8,00:30:23.905
660,person,0.929,167.3,441.8,573.4,1280.0,406.1,838.2,340390,370.4,860.9,00:30:23.969
661,person,0.929,167.4,441.8,573.4,1280.0,406.1,838.2,340344,370.4,860.9,00:30:24.046
662,person,0.925,169.5,441.6,573.5,1279.9,404.0,838.3,338656,371.5,860.8,00:30:24.121
663,person,0.925,169.6,441.8,573.4,1280.0,403.9,838.1,338499,371.5,860.9,00:30:24.190
664,person,0.929,168.9,440.4,572.9,1277.9,404.0,837.5,338384,370.9,859.1,00:30:24.303
665,person,0.929,168.8,440.4,572.9,1277.9,404.2,837.5,338480,370.9,859.1,00:30:24.387
666,person,0.931,168.9,439.0,573.7,1278.0,404.8,839.0,339650,371.3,858.5,00:30:24.456
667,person,0.931,168.9,438.8,573.8,1277.8,404.9,839.0,339748,371.3,858.3,00:30:24.524
668,person,0.922,170.4,439.3,565.4,1278.1,395.0,838.8,331318,367.9,858.7,00:30:24.586
669,person,0.922,170.4,439.1,565.6,1278.0,395.2,838.8,331462,368.0,858.5,00:30:24.648
670,person,0.918,173.9,437.1,560.7,1278.8,386.8,841.7,325575,367.3,857.9,00:30:24.715
671,person,0.919,173.9,436.9,560.7,1278.7,386.8,841.8,325616,367.3,857.8,00:30:24.800
672,person,0.888,174.8,435.2,553.1,1279.3,378.3,844.1,319334,363.9,857.3,00:30:24.866
673,person,0.888,175.0,435.2,552.8,1279.1,377.8,843.9,318871,363.9,857.1,00:30:24.928
674,person,0.852,178.5,410.8,547.2,1277.6,368.6,866.8,319537,362.8,844.2,00:30:24.993
675,person,0.852,178.6,410.7,547.3,1277.5,368.8,866.8,319651,362.9,844.1,00:30:25.067
676,person,0.853,188.2,390.2,529.6,1279.1,341.4,888.9,303476,358.9,834.7,00:30:25.132
677,person,0.852,188.2,389.4,529.8,1279.1,341.7,889.7,303976,359.0,834.3,00:30:25.213
678,person,0.848,195.8,382.9,526.5,1279.3,330.7,896.4,296477,361.2,831.1,00:30:25.288
679,person,0.845,195.7,380.0,526.5,1279.3,330.7,899.3,297414,361.1,829.6,00:30:25.363
680,person,0.852,200.1,312.5,519.8,1279.7,319.7,967.2,309265,359.9,796.1,00:30:25.428
681,person,0.854,200.2,312.4,519.5,1279.8,319.3,967.4,308915,359.8,796.1,00:30:25.499
682,person,0.869,199.9,291.8,520.4,1280.0,320.5,988.2,316690,360.2,785.9,00:30:25.562
683,person,0.866,199.8,291.9,520.4,1279.9,320.5,987.9,316670,360.1,785.9,00:30:25.631
684,person,0.869,197.6,270.8,515.2,1276.6,317.5,1005.9,319403,356.4,773.7,00:30:25.715
685,person,0.868,197.6,269.8,515.1,1276.4,317.5,1006.6,319607,356.4,773.1,00:30:25.792
686,person,0.878,195.6,263.0,516.5,1278.6,320.9,1015.6,325863,356.1,770.8,00:30:25.871
687,person,0.877,195.6,262.9,516.5,1278.7,320.8,1015.8,325898,356.1,770.8,00:30:25.940
688,person,0.867,192.8,247.0,519.4,1278.1,326.6,1031.1,336728,356.1,762.5,00:30:26.019
689,person,0.868,192.7,247.0,520.4,1278.1,327.7,1031.1,337900,356.6,762.6,00:30:26.093
690,person,0.859,185.2,233.7,523.9,1279.0,338.8,1045.4,354135,354.5,756.4,00:30:26.156
691,person,0.859,185.1,233.4,523.7,1279.1,338.7,1045.7,354159,354.4,756.3,00:30:26.223
692,person,0.856,175.2,229.1,527.0,1276.5,351.8,1047.4,368508,351.1,752.8,00:30:26.296
693,person,0.853,175.0,228.9,527.1,1276.9,352.1,1048.1,368972,351.0,752.9,00:30:26.365
694,person,0.847,164.3,232.6,530.1,1277.7,365.8,1045.1,382290,347.2,755.2,00:30:26.451
695,person,0.850,161.4,234.3,529.4,1279.2,368.0,1044.9,384507,345.4,756.8,00:30:26.528
696,person,0.848,158.5,238.4,535.9,1278.8,377.4,1040.4,392640,347.2,758.6,00:30:26.597
697,person,0.849,159.3,237.3,535.9,1278.9,376.5,1041.5,392166,347.6,758.1,00:30:26.671
698,person,0.854,165.6,246.3,545.4,1279.0,379.8,1032.7,392187,355.5,762.7,00:30:26.737
699,person,0.853,165.7,246.5,545.4,1279.0,379.7,1032.4,392031,355.6,762.7,00:30:26.814
700,person,0.862,170.9,259.7,550.8,1279.4,379.9,1019.7,387361,360.8,769.6,00:30:26.891
701,person,0.863,171.2,259.7,550.7,1279.5,379.6,1019.8,387075,361.0,769.6,00:30:26.974
702,person,0.864,172.1,278.5,559.1,1276.0,387.0,997.4,385974,365.6,777.3,00:30:27.050
703,person,0.863,172.4,278.6,559.0,1276.2,386.6,997.6,385704,365.7,777.4,00:30:27.137
704,person,0.881,165.2,280.4,568.2,1277.5,403.1,997.1,401883,366.7,778.9,00:30:27.207
705,person,0.883,165.4,280.4,568.4,1277.7,403.0,997.3,401925,366.9,779.1,00:30:27.292
706,person,0.880,163.1,291.3,575.1,1280.0,412.0,988.7,407300,369.1,785.7,00:30:27.362
707,person,0.883,163.0,291.3,574.9,1279.9,411.9,988.5,407212,369.0,785.6,00:30:27.432
708,person,0.860,155.7,309.5,583.3,1277.9,427.6,968.4,414049,369.5,793.7,00:30:27.494
709,person,0.862,155.8,309.8,583.3,1278.3,427.5,968.4,413987,369.6,794.1,00:30:27.576
710,person,0.878,139.4,341.5,592.9,1280.0,453.5,938.5,425656,366.1,810.7,00:30:27.635
711,person,0.878,139.5,341.6,592.9,1280.0,453.4,938.4,425470,366.2,810.8,00:30:27.699
712,person,0.882,130.6,365.0,598.3,1280.0,467.7,915.0,427959,364.5,822.5,00:30:27.767
713,person,0.881,130.7,365.2,598.4,1280.0,467.8,914.8,427892,364.5,822.6,00:30:27.849
714,person,0.884,127.1,380.2,603.0,1280.0,475.9,899.8,428224,365.1,830.1,00:30:27.924
715,person,0.884,127.0,380.2,603.4,1280.0,476.3,899.8,428620,365.2,830.1,00:30:28.004
716,person,0.896,120.7,393.5,609.5,1280.0,488.8,886.5,433285,365.1,836.7,00:30:28.076
717,person,0.895,121.9,391.8,610.4,1276.9,488.5,885.1,432365,366.1,834.4,00:30:28.148
718,person,0.903,119.9,412.4,614.8,1280.0,494.9,867.6,429410,367.3,846.2,00:30:28.222
719,person,0.901,120.1,412.2,614.8,1280.0,494.7,867.8,429272,367.5,846.1,00:30:28.297
720,person,0.918,122.3,423.4,620.0,1278.2,497.7,854.8,425436,371.1,850.8,00:30:28.372
721,person,0.917,122.4,422.9,620.0,1278.1,497.6,855.1,425486,371.2,850.5,00:30:28.452
722,person,0.924,124.8,429.0,625.0,1277.4,500.2,848.4,424355,374.9,853.2,00:30:28.524
723,person,0.925,124.5,428.7,625.0,1277.5,500.4,848.8,424759,374.7,853.1,00:30:28.598
724,person,0.931,128.5,436.1,629.7,1277.4,501.3,841.3,421719,379.1,856.8,00:30:28.668
725,person,0.931,128.5,436.1,629.8,1277.5,501.2,841.4,421736,379.1,856.8,00:30:28.751
726,person,0.935,131.6,435.9,632.8,1276.7,501.2,840.7,421366,382.2,856.3,00:30:28.828
727,person,0.935,131.5,435.9,632.8,1276.8,501.3,840.9,421550,382.1,856.3,00:30:28.902
728,person,0.941,137.3,432.8,633.7,1275.1,496.4,842.3,418162,385.5,853.9,00:30:28.984
729,person,0.941,137.3,432.7,633.7,1275.1,496.4,842.4,418147,385.5,853.9,00:30:29.060
730,person,0.939,144.4,433.5,632.3,1274.8,487.9,841.3,410465,388.3,854.1,00:30:29.138
731,person,0.939,144.5,433.4,632.2,1274.6,487.8,841.2,410322,388.4,854.0,00:30:29.211
732,person,0.928,149.7,427.7,626.8,1274.5,477.1,846.8,403994,388.3,851.1,00:30:29.281
733,person,0.930,149.8,427.8,626.8,1274.5,476.9,846.7,403817,388.3,851.2,00:30:29.352
734,person,0.926,156.6,426.3,614.6,1275.1,458.0,848.8,388705,385.6,850.7,00:30:29.443
735,person,0.926,156.6,426.3,614.6,1275.1,457.9,848.8,388701,385.6,850.7,00:30:29.515
736,person,0.927,162.4,425.4,598.7,1275.3,436.3,849.9,370825,380.6,850.3,00:30:29.580
737,person,0.926,162.4,425.4,598.8,1275.3,436.4,849.9,370917,380.6,850.3,00:30:29.657
738,person,0.929,165.2,427.4,580.1,1276.7,414.8,849.3,352313,372.7,852.1,00:30:29.735
739,person,0.929,165.4,427.2,580.1,1276.8,414.8,849.5,352345,372.7,852.0,00:30:29.812
740,person,0.933,167.3,429.6,566.1,1278.0,398.8,848.4,338361,366.7,853.8,00:30:29.888
741,person,0.933,167.2,429.6,566.1,1277.9,398.9,848.2,338354,366.7,853.8,00:30:29.952
742,person,0.927,168.8,427.0,563.5,1277.9,394.8,850.9,335886,366.1,852.4,00:30:30.020
743,person,0.928,168.8,426.7,563.5,1277.9,394.7,851.2,335942,366.1,852.3,00:30:30.098
744,person,0.938,168.0,426.7,567.7,1277.1,399.7,850.4,339930,367.9,851.9,00:30:30.180
745,person,0.938,168.0,426.6,567.8,1277.1,399.8,850.5,340062,367.9,851.8,00:30:30.250
746,person,0.934,162.1,427.5,577.2,1278.3,415.0,850.8,353094,369.6,852.9,00:30:30.314
747,person,0.934,162.1,427.5,577.2,1278.3,415.0,850.8,353135,369.7,852.9,00:30:30.385
748,person,0.939,155.7,427.4,583.1,1276.8,427.4,849.4,363032,369.4,852.1,00:30:30.451
749,person,0.938,155.7,427.5,583.1,1276.8,427.5,849.3,363038,369.4,852.1,00:30:30.516
750,person,0.932,150.4,427.6,586.0,1279.5,435.6,851.9,371096,368.2,853.5,00:30:30.596
751,person,0.932,150.4,427.5,586.1,1279.4,435.7,851.9,371154,368.2,853.5,00:30:30.670
752,person,0.931,148.2,427.6,579.8,1278.2,431.6,850.5,367080,364.0,852.9,00:30:30.738
753,person,0.932,148.2,427.5,579.8,1278.2,431.5,850.7,367084,364.0,852.9,00:30:30.811
754,person,0.930,148.4,428.1,564.9,1279.5,416.6,851.3,354623,356.7,853.8,00:30:30.876
755,person,0.930,148.4,428.1,564.9,1279.5,416.5,851.4,354608,356.6,853.8,00:30:30.941
756,person,0.924,151.7,427.9,561.8,1279.6,410.1,851.7,349283,356.7,853.7,00:30:31.023
757,person,0.924,151.7,427.8,561.8,1279.6,410.2,851.7,349370,356.8,853.7,00:30:31.088
758,person,0.909,154.1,427.5,560.9,1279.6,406.8,852.1,346650,357.5,853.6,00:30:31.149
759,person,0.909,154.2,427.2,560.7,1279.7,406.6,852.4,346590,357.4,853.4,00:30:31.212
760,person,0.901,157.1,426.7,558.6,1279.3,401.6,852.6,342350,357.8,853.0,00:30:31.275
761,person,0.901,157.0,426.5,558.9,1279.3,401.8,852.8,342654,358.0,852.9,00:30:31.338
762,person,0.899,155.3,426.8,557.7,1279.0,402.4,852.1,342856,356.5,852.9,00:30:31.409
763,person,0.898,155.4,426.7,557.8,1279.0,402.4,852.3,342950,356.6,852.8,00:30:31.476
764,person,0.895,146.0,427.1,555.7,1279.4,409.7,852.3,349180,350.9,853.2,00:30:31.542
765,person,0.894,144.1,427.2,555.8,1279.4,411.7,852.2,350864,350.0,853.3,00:30:31.605
766,person,0.891,123.5,426.9,555.6,1279.4,432.1,852.5,368343,339.5,853.2,00:30:31.668
767,person,0.894,122.0,426.9,555.3,1279.4,433.3,852.5,369384,338.7,853.2,00:30:31.736
768,person,0.887,108.9,426.8,560.0,1279.3,451.0,852.6,384538,334.4,853.0,00:30:31.811
769,person,0.888,110.0,426.7,559.5,1279.3,449.5,852.6,383260,334.7,853.0,00:30:31.894
770,person,0.895,118.0,425.9,559.8,1279.4,441.8,853.5,377062,338.9,852.7,00:30:31.983
771,remote,0.274,352.6,711.8,399.3,744.9,46.6,33.1,1542,376.0,728.3,00:30:31.983
772,person,0.896,118.8,426.0,559.8,1279.4,441.1,853.5,376427,339.3,852.7,00:30:32.062
773,remote,0.272,352.6,711.8,399.3,744.9,46.6,33.1,1543,376.0,728.3,00:30:32.062
774,person,0.895,125.7,425.6,562.3,1280.0,436.5,854.4,372967,344.0,852.8,00:30:32.138
775,person,0.895,127.3,425.6,562.1,1280.0,434.8,854.4,371438,344.7,852.8,00:30:32.201
776,person,0.907,157.8,425.2,563.9,1280.0,406.1,854.8,347143,360.8,852.6,00:30:32.275
777,person,0.906,155.9,425.2,563.8,1280.0,407.8,854.8,348607,359.9,852.6,00:30:32.341
778,person,0.908,166.0,424.3,561.9,1280.0,395.9,855.7,338745,363.9,852.2,00:30:32.423
779,person,0.909,166.1,424.2,561.9,1280.0,395.7,855.8,338652,364.0,852.1,00:30:32.498
780,person,0.907,156.7,422.5,558.8,1280.0,402.1,857.5,344832,357.7,851.2,00:30:32.574
781,person,0.904,156.7,422.6,559.1,1280.0,402.4,857.4,344996,357.9,851.3,00:30:32.634
782,person,0.917,163.5,421.6,551.0,1280.0,387.5,858.4,332682,357.2,850.8,00:30:32.692
783,person,0.917,163.1,421.4,551.0,1280.0,387.9,858.6,333049,357.0,850.7,00:30:32.821
784,person,0.913,172.4,422.4,540.7,1279.5,368.3,857.1,315673,356.5,850.9,00:30:32.875
785,person,0.913,172.0,422.4,540.8,1279.5,368.7,857.1,316045,356.4,851.0,00:30:32.942
786,person,0.908,183.2,420.5,524.6,1280.0,341.4,859.5,293439,353.9,850.3,00:30:33.010
787,person,0.907,183.2,420.5,524.5,1280.0,341.3,859.5,293363,353.8,850.3,00:30:33.092
788,person,0.907,183.1,419.8,518.4,1280.0,335.3,860.2,288458,350.8,849.9,00:30:33.166
789,person,0.906,183.1,419.9,518.3,1280.0,335.3,860.1,288354,350.7,849.9,00:30:33.242
790,person,0.909,182.1,420.8,517.8,1280.0,335.7,859.2,288443,349.9,850.4,00:30:33.321
791,cell phone,0.298,332.9,596.5,403.5,670.9,70.5,74.4,5244,368.2,633.7,00:30:33.321
792,person,0.908,182.1,420.7,517.9,1280.0,335.8,859.3,288567,350.0,850.3,00:30:33.404
793,cell phone,0.298,332.8,595.9,402.0,670.9,69.3,75.0,5195,367.4,633.4,00:30:33.404
794,person,0.912,180.0,424.3,523.1,1280.0,343.1,855.7,293568,351.5,852.1,00:30:33.481
795,person,0.914,180.0,424.2,522.0,1280.0,342.0,855.8,292706,351.0,852.1,00:30:33.568
796,person,0.921,176.7,422.7,528.2,1280.0,351.5,857.3,301334,352.5,851.4,00:30:33.645
797,person,0.921,176.7,422.6,528.1,1280.0,351.5,857.4,301370,352.4,851.3,00:30:33.709
798,person,0.915,171.5,420.5,529.6,1280.0,358.1,859.5,307746,350.6,850.3,00:30:33.774
799,person,0.915,171.6,420.7,529.8,1280.0,358.2,859.3,307787,350.7,850.4,00:30:33.852
800,person,0.917,166.8,420.5,532.9,1280.0,366.1,859.5,314636,349.9,850.3,00:30:33.931
801,person,0.916,166.9,420.3,533.0,1280.0,366.1,859.7,314785,349.9,850.1,00:30:34.009
802,person,0.909,161.7,420.2,531.9,1279.8,370.1,859.6,318180,346.8,850.0,00:30:34.092
803,person,0.910,161.7,420.2,531.8,1279.8,370.0,859.7,318110,346.7,850.0,00:30:34.178
804,person,0.914,156.4,420.4,532.1,1279.8,375.7,859.5,322893,344.2,850.1,00:30:34.252
805,person,0.913,156.3,420.3,532.0,1279.8,375.6,859.5,322874,344.1,850.0,00:30:34.319
806,person,0.920,147.8,420.7,532.2,1279.6,384.4,858.9,330145,340.0,850.2,00:30:34.385
807,person,0.919,147.9,420.7,532.4,1279.7,384.6,859.0,330335,340.1,850.2,00:30:34.463
808,person,0.916,142.9,420.4,531.4,1279.7,388.6,859.2,333879,337.2,850.1,00:30:34.535
809,person,0.916,142.9,420.5,531.5,1279.8,388.7,859.3,334000,337.2,850.1,00:30:34.615
810,person,0.906,138.6,420.6,534.4,1279.6,395.8,859.0,340008,336.5,850.1,00:30:34.690
811,person,0.906,138.6,420.6,534.4,1279.7,395.7,859.0,339957,336.5,850.1,00:30:34.756
812,person,0.910,132.6,421.2,534.4,1279.8,401.8,858.6,345001,333.5,850.5,00:30:34.824
813,person,0.910,132.5,421.3,534.4,1279.8,401.9,858.5,345007,333.4,850.5,00:30:34.891
814,person,0.921,124.5,422.4,537.1,1280.0,412.6,857.6,353854,330.8,851.2,00:30:34.961
815,person,0.921,124.6,422.4,537.1,1280.0,412.5,857.6,353767,330.8,851.2,00:30:35.037
816,person,0.924,115.1,422.8,541.4,1280.0,426.3,857.2,365432,328.3,851.4,00:30:35.120
817,person,0.924,115.1,422.6,541.4,1280.0,426.2,857.4,365446,328.3,851.3,00:30:35.193
818,person,0.932,103.8,423.8,548.4,1278.7,444.6,854.9,380117,326.1,851.2,00:30:35.299
819,person,0.933,103.8,423.7,547.8,1278.7,443.9,855.0,379554,325.8,851.2,00:30:35.376
820,person,0.940,93.9,428.9,553.5,1279.1,459.7,850.2,390820,323.7,854.0,00:30:35.436
821,person,0.940,93.9,428.9,553.5,1279.1,459.6,850.2,390770,323.7,854.0,00:30:35.499
822,person,0.940,79.4,430.9,560.7,1277.3,481.3,846.4,407384,320.1,854.1,00:30:35.561
823,person,0.940,79.4,430.8,560.8,1277.3,481.3,846.5,407428,320.1,854.0,00:30:35.631
824,person,0.939,74.0,433.1,565.2,1280.0,491.2,846.9,415954,319.6,856.5,00:30:35.699
825,person,0.939,74.1,433.3,565.9,1279.9,491.9,846.7,416441,320.0,856.6,00:30:35.835
826,person,0.935,68.1,433.1,567.2,1280.0,499.0,846.8,422605,317.7,856.5,00:30:35.907
827,person,0.936,68.1,433.2,567.2,1279.9,499.0,846.8,422552,317.7,856.6,00:30:35.984
828,person,0.933,65.7,433.1,565.9,1279.9,500.2,846.8,423595,315.8,856.5,00:30:36.066
829,person,0.932,65.7,433.2,565.9,1279.8,500.2,846.6,423450,315.8,856.5,00:30:36.138
830,person,0.935,63.0,433.6,561.5,1275.8,498.5,842.2,419842,312.2,854.7,00:30:36.205
831,person,0.935,62.9,433.3,561.6,1275.8,498.7,842.5,420135,312.3,854.5,00:30:36.283
832,person,0.932,63.4,433.4,554.9,1279.8,491.5,846.4,416004,309.1,856.6,00:30:36.356
833,person,0.932,63.4,433.2,554.8,1279.8,491.4,846.5,416024,309.1,856.5,00:30:36.422
834,person,0.939,63.1,433.4,549.9,1279.6,486.8,846.3,411947,306.5,856.5,00:30:36.493
835,person,0.939,63.2,433.1,549.9,1279.6,486.7,846.5,412046,306.6,856.4,00:30:36.565
836,person,0.937,63.7,432.1,545.8,1280.0,482.2,847.9,408826,304.8,856.1,00:30:36.646
837,person,0.937,63.7,432.0,545.8,1280.0,482.1,847.9,408768,304.7,856.0,00:30:36.725
838,person,0.935,65.2,430.6,539.6,1279.7,474.4,849.2,402839,302.4,855.1,00:30:36.794
839,person,0.935,65.2,430.4,539.6,1279.7,474.4,849.3,402950,302.4,855.1,00:30:36.861
840,person,0.931,66.5,429.6,530.3,1280.0,463.8,850.4,394448,298.4,854.8,00:30:36.949
841,person,0.930,66.4,429.5,530.8,1280.0,464.3,850.5,394922,298.6,854.8,00:30:37.055
842,person,0.921,70.1,426.4,520.5,1280.0,450.4,853.6,384473,295.3,853.2,00:30:37.125
843,person,0.921,70.1,426.5,520.6,1279.9,450.4,853.4,384389,295.3,853.2,00:30:37.208
844,person,0.912,75.9,423.7,515.1,1280.0,439.1,856.3,376031,295.5,851.8,00:30:37.280
845,person,0.912,75.9,423.9,514.7,1280.0,438.8,856.1,375655,295.3,851.9,00:30:37.357
846,person,0.919,80.8,423.5,517.4,1279.6,436.6,856.2,373824,299.1,851.6,00:30:37.438
847,person,0.919,80.7,423.4,517.6,1279.6,436.9,856.2,374049,299.1,851.5,00:30:37.515
848,person,0.910,88.4,426.1,518.7,1279.7,430.3,853.6,367317,303.6,852.9,00:30:37.585
849,person,0.909,88.5,426.0,519.0,1279.8,430.5,853.8,367582,303.8,852.9,00:30:37.648
850,person,0.908,97.2,429.3,521.0,1279.3,423.8,850.0,360228,309.1,854.3,00:30:37.711
851,person,0.909,97.2,429.4,520.8,1279.4,423.6,850.0,360073,309.0,854.4,00:30:37.769
852,person,0.912,97.2,430.8,521.5,1279.7,424.3,848.9,360167,309.4,855.2,00:30:37.833
853,person,0.913,97.2,430.7,521.0,1279.6,423.8,848.9,359784,309.1,855.2,00:30:37.909
854,person,0.920,91.4,429.8,521.0,1280.0,429.6,850.2,365251,306.2,854.9,00:30:37.990
855,person,0.920,91.4,429.8,521.2,1280.0,429.8,850.2,365425,306.3,854.9,00:30:38.066
856,person,0.918,82.8,432.0,521.4,1280.0,438.7,848.0,371968,302.1,856.0,00:30:38.141
857,person,0.919,82.7,432.0,520.8,1280.0,438.0,848.0,371425,301.7,856.0,00:30:38.199
858,person,0.922,77.3,433.7,521.9,1280.0,444.5,846.3,376199,299.6,856.9,00:30:38.269
859,person,0.922,77.3,433.8,522.3,1280.0,445.0,846.2,376537,299.8,856.9,00:30:38.344
860,person,0.912,71.1,435.2,523.6,1280.0,452.4,844.8,382224,297.3,857.6,00:30:38.411
861,person,0.913,71.1,435.3,523.3,1280.0,452.2,844.7,381958,297.2,857.6,00:30:38.488
862,person,0.917,67.8,438.1,519.5,1280.0,451.7,841.9,380306,293.7,859.0,00:30:38.580
863,person,0.916,67.9,438.0,519.8,1280.0,451.9,842.0,380522,293.8,859.0,00:30:38.662
864,person,0.916,66.4,439.6,518.4,1280.0,452.0,840.4,379886,292.4,859.8,00:30:38.737
865,person,0.916,66.2,439.5,518.4,1280.0,452.2,840.5,380032,292.3,859.8,00:30:38.814
866,person,0.916,65.5,440.5,519.3,1280.0,453.7,839.5,380923,292.4,860.2,00:30:38.882
867,person,0.916,65.5,440.6,519.4,1280.0,453.9,839.4,380990,292.4,860.3,00:30:38.945
868,person,0.917,64.2,441.2,520.8,1280.0,456.6,838.8,383044,292.5,860.6,00:30:39.047
869,person,0.917,64.2,441.1,520.8,1280.0,456.6,838.9,383049,292.5,860.5,00:30:39.121
870,person,0.922,64.3,440.7,518.2,1280.0,453.9,839.3,380924,291.2,860.4,00:30:39.188
871,person,0.922,64.3,440.7,518.0,1280.0,453.7,839.3,380774,291.2,860.4,00:30:39.264
872,person,0.919,64.1,440.9,513.0,1280.0,448.9,839.1,376672,288.5,860.4,00:30:39.337
873,person,0.918,64.1,441.1,512.9,1280.0,448.8,838.9,376517,288.5,860.5,00:30:39.410
874,person,0.912,66.6,437.5,505.1,1280.0,438.5,842.5,369400,285.8,858.8,00:30:39.485
875,person,0.913,66.6,437.4,504.9,1280.0,438.3,842.6,369325,285.7,858.7,00:30:39.555
876,person,0.906,70.6,433.2,506.3,1280.0,435.6,846.8,368889,288.5,856.6,00:30:39.618
877,person,0.907,70.5,433.2,506.0,1280.0,435.5,846.8,368802,288.3,856.6,00:30:39.679
878,person,0.917,77.2,430.6,498.3,1280.0,421.1,849.4,357681,287.8,855.3,00:30:39.745
879,person,0.917,77.2,430.8,497.7,1280.0,420.5,849.2,357110,287.4,855.4,00:30:39.808
880,person,0.922,89.7,430.9,497.4,1280.0,407.7,849.1,346212,293.5,855.4,00:30:39.867
881,person,0.923,89.6,430.9,497.6,1280.0,407.9,849.1,346402,293.6,855.4,00:30:39.939
882,person,0.902,100.1,430.0,493.6,1280.0,393.5,850.0,334480,296.8,855.0,00:30:40.016
883,person,0.903,100.1,429.9,493.6,1280.0,393.5,850.1,334536,296.9,855.0,00:30:40.094
884,person,0.899,104.4,430.2,495.6,1280.0,391.2,849.8,332475,300.0,855.1,00:30:40.178
885,person,0.899,104.4,430.2,495.7,1280.0,391.3,849.8,332532,300.1,855.1,00:30:40.257
886,person,0.910,102.5,430.6,501.9,1280.0,399.4,849.4,339258,302.2,855.3,00:30:40.333
887,traffic light,0.260,266.8,1138.6,331.9,1216.7,65.2,78.1,5088,299.3,1177.7,00:30:40.899
888,traffic light,0.256,270.6,1139.0,335.5,1215.3,65.0,76.2,4953,303.0,1177.1,00:30:41.697
889,traffic light,0.268,270.9,1139.0,335.5,1215.5,64.6,76.5,4940,303.2,1177.2,00:30:43.109
890,traffic light,0.269,267.2,1138.6,331.3,1216.6,64.1,77.9,4996,299.3,1177.6,00:30:44.354
891,traffic light,0.256,270.9,1139.2,335.2,1215.3,64.4,76.1,4901,303.0,1177.3,00:30:45.220
